{"cameraMode":{"drawMode":0,"name":"Shaded","section":"Shading Mode"},"sceneLighting":true,"audioPlay":false,"sceneViewState":{"showFog":true,"showMaterialUpdate":true,"showSkybox":true,"showFlares":true,"showImageEffects":true,"showParticleSystems":true},"in2DMode":false,"pivot":{"x":-4.561657905578613,"y":3.8080270290374758,"z":-15.256813049316407},"rotation":{"x":-0.05278068035840988,"y":-0.012884139083325863,"z":0.000681086617987603,"w":-0.9985227584838867},"size":10.0,"orthographic":false}